mc	mn	quarterbeats	quarterbeats_all_endings	duration_qb	mc_onset	mn_onset	event	timesig	staff	voice	duration	nominal_duration	scalar	chord_id
1	1	0	0	2.0	0	0	Chord	4/4	1	1	1/2	1/2	1	0
1	1	2	2	2.0	1/2	1/2	Chord	4/4	1	1	1/2	1/2	1	1
1	1	0	0	2.0	0	0	Chord	4/4	2	1	1/2	1/2	1	2
1	1	2	2	2.0	1/2	1/2	Chord	4/4	2	1	1/2	1/2	1	3
1	1	0	0	2.0	0	0	Chord	4/4	3	1	1/2	1/2	1	4
1	1	2	2	2.0	1/2	1/2	Chord	4/4	3	1	1/2	1/2	1	5
1	1	0	0	2.0	0	0	Chord	4/4	4	1	1/2	1/2	1	6
1	1	2	2	2.0	1/2	1/2	Chord	4/4	4	1	1/2	1/2	1	7
2	2	4	4	1.0	0	0	Chord	4/4	1	1	1/4	1/4	1	8
2	2	5	5	1.0	1/4	1/4	Chord	4/4	1	1	1/4	1/4	1	9
2	2	6	6	2.0	1/2	1/2	Chord	4/4	1	1	1/2	1/2	1	10
2	2	4	4	1.0	0	0	Chord	4/4	2	1	1/4	1/4	1	11
2	2	5	5	1.0	1/4	1/4	Chord	4/4	2	1	1/4	1/4	1	12
2	2	6	6	2.0	1/2	1/2	Chord	4/4	2	1	1/2	1/2	1	13
2	2	4	4	1.0	0	0	Chord	4/4	3	1	1/4	1/4	1	14
2	2	5	5	1.0	1/4	1/4	Chord	4/4	3	1	1/4	1/4	1	15
2	2	6	6	2.0	1/2	1/2	Chord	4/4	3	1	1/2	1/2	1	16
2	2	4	4	1.0	0	0	Chord	4/4	4	1	1/4	1/4	1	17
2	2	5	5	1.0	1/4	1/4	Chord	4/4	4	1	1/4	1/4	1	18
2	2	6	6	2.0	1/2	1/2	Chord	4/4	4	1	1/2	1/2	1	19
3	3	8	8	2.0	0	0	Chord	4/4	1	1	1/2	1/2	1	20
3	3	10	10	2.0	1/2	1/2	Chord	4/4	1	1	1/2	1/2	1	21
3	3	8	8	2.0	0	0	Chord	4/4	2	1	1/2	1/2	1	22
3	3	10	10	2.0	1/2	1/2	Chord	4/4	2	1	1/2	1/2	1	23
3	3	8	8	2.0	0	0	Chord	4/4	3	1	1/2	1/2	1	24
3	3	10	10	2.0	1/2	1/2	Chord	4/4	3	1	1/2	1/2	1	25
3	3	8	8	2.0	0	0	Chord	4/4	4	1	1/2	1/2	1	26
3	3	10	10	2.0	1/2	1/2	Chord	4/4	4	1	1/2	1/2	1	27
4	4	14	14	2.0	1/2	1/2	Chord	4/4	1	1	1/2	1/2	1	28
4	4	14	14	2.0	1/2	1/2	Chord	4/4	2	1	1/2	1/2	1	29
4	4	14	14	2.0	1/2	1/2	Chord	4/4	3	1	1/2	1/2	1	30
4	4	14	14	2.0	1/2	1/2	Chord	4/4	4	1	1/2	1/2	1	31
5	5	16	16	2.0	0	0	Chord	4/4	1	1	1/2	1/2	1	32
5	5	18	18	1.0	1/2	1/2	Chord	4/4	1	1	1/4	1/4	1	33
5	5	19	19	1.0	3/4	3/4	Chord	4/4	1	1	1/4	1/4	1	34
5	5	16	16	2.0	0	0	Chord	4/4	2	1	1/2	1/2	1	35
5	5	18	18	1.0	1/2	1/2	Chord	4/4	2	1	1/4	1/4	1	36
5	5	19	19	1.0	3/4	3/4	Chord	4/4	2	1	1/4	1/4	1	37
5	5	16	16	2.0	0	0	Chord	4/4	3	1	1/2	1/2	1	38
5	5	18	18	1.0	1/2	1/2	Chord	4/4	3	1	1/4	1/4	1	39
5	5	19	19	1.0	3/4	3/4	Chord	4/4	3	1	1/4	1/4	1	40
5	5	16	16	2.0	0	0	Chord	4/4	4	1	1/2	1/2	1	41
5	5	18	18	1.0	1/2	1/2	Chord	4/4	4	1	1/4	1/4	1	42
5	5	19	19	1.0	3/4	3/4	Chord	4/4	4	1	1/4	1/4	1	43
6	6	20	20	1.0	0	0	Chord	4/4	1	1	1/4	1/4	1	44
6	6	21	21	1.0	1/4	1/4	Chord	4/4	1	1	1/4	1/4	1	45
6	6	22	22	2.0	1/2	1/2	Chord	4/4	1	1	1/2	1/2	1	46
6	6	20	20	1.0	0	0	Chord	4/4	2	1	1/4	1/4	1	47
6	6	21	21	1.0	1/4	1/4	Chord	4/4	2	1	1/4	1/4	1	48
6	6	22	22	2.0	1/2	1/2	Chord	4/4	2	1	1/2	1/2	1	49
6	6	20	20	1.0	0	0	Chord	4/4	3	1	1/4	1/4	1	50
6	6	21	21	1.0	1/4	1/4	Chord	4/4	3	1	1/4	1/4	1	51
6	6	22	22	2.0	1/2	1/2	Chord	4/4	3	1	1/2	1/2	1	52
6	6	20	20	1.0	0	0	Chord	4/4	4	1	1/4	1/4	1	53
6	6	21	21	1.0	1/4	1/4	Chord	4/4	4	1	1/4	1/4	1	54
6	6	22	22	2.0	1/2	1/2	Chord	4/4	4	1	1/2	1/2	1	55
7	7	26	26	2.0	1/2	1/2	Chord	4/4	1	1	1/2	1/2	1	56
7	7	26	26	2.0	1/2	1/2	Chord	4/4	2	1	1/2	1/2	1	57
7	7	26	26	2.0	1/2	1/2	Chord	4/4	3	1	1/2	1/2	1	58
7	7	26	26	2.0	1/2	1/2	Chord	4/4	4	1	1/2	1/2	1	59
8	8	28	28	1.0	0	0	Chord	4/4	1	1	1/4	1/4	1	60
8	8	29	29	2.0	1/4	1/4	Chord	4/4	1	1	1/2	1/2	1	61
8	8	31	31	1.0	3/4	3/4	Chord	4/4	1	1	1/4	1/4	1	62
8	8	28	28	1.0	0	0	Chord	4/4	2	1	1/4	1/4	1	63
8	8	29	29	2.0	1/4	1/4	Chord	4/4	2	1	1/2	1/2	1	64
8	8	31	31	1.0	3/4	3/4	Chord	4/4	2	1	1/4	1/4	1	65
8	8	28	28	1.0	0	0	Chord	4/4	3	1	1/4	1/4	1	66
8	8	29	29	2.0	1/4	1/4	Chord	4/4	3	1	1/2	1/2	1	67
8	8	31	31	1.0	3/4	3/4	Chord	4/4	3	1	1/4	1/4	1	68
8	8	28	28	1.0	0	0	Chord	4/4	4	1	1/4	1/4	1	69
8	8	29	29	2.0	1/4	1/4	Chord	4/4	4	1	1/2	1/2	1	70
8	8	31	31	1.0	3/4	3/4	Chord	4/4	4	1	1/4	1/4	1	71
9	9	32	32	1.0	0	0	Chord	4/4	1	1	1/4	1/4	1	72
9	9	33	33	1.0	1/4	1/4	Chord	4/4	1	1	1/4	1/4	1	73
9	9	34	34	2.0	1/2	1/2	Chord	4/4	1	1	1/2	1/2	1	74
9	9	32	32	1.0	0	0	Chord	4/4	2	1	1/4	1/4	1	75
9	9	33	33	1.0	1/4	1/4	Chord	4/4	2	1	1/4	1/4	1	76
9	9	34	34	2.0	1/2	1/2	Chord	4/4	2	1	1/2	1/2	1	77
9	9	32	32	1.0	0	0	Chord	4/4	3	1	1/4	1/4	1	78
9	9	33	33	1.0	1/4	1/4	Chord	4/4	3	1	1/4	1/4	1	79
9	9	34	34	2.0	1/2	1/2	Chord	4/4	3	1	1/2	1/2	1	80
9	9	32	32	1.0	0	0	Chord	4/4	4	1	1/4	1/4	1	81
9	9	33	33	1.0	1/4	1/4	Chord	4/4	4	1	1/4	1/4	1	82
9	9	34	34	2.0	1/2	1/2	Chord	4/4	4	1	1/2	1/2	1	83
10	10	38	38	2.0	1/2	1/2	Chord	4/4	1	1	1/2	1/2	1	84
10	10	38	38	2.0	1/2	1/2	Chord	4/4	2	1	1/2	1/2	1	85
10	10	38	38	2.0	1/2	1/2	Chord	4/4	3	1	1/2	1/2	1	86
10	10	38	38	2.0	1/2	1/2	Chord	4/4	4	1	1/2	1/2	1	87
11	11	40	40	1.0	0	0	Chord	4/4	1	1	1/4	1/4	1	88
11	11	41	41	2.0	1/4	1/4	Chord	4/4	1	1	1/2	1/2	1	89
11	11	43	43	1.0	3/4	3/4	Chord	4/4	1	1	1/4	1/4	1	90
11	11	40	40	1.0	0	0	Chord	4/4	2	1	1/4	1/4	1	91
11	11	41	41	2.0	1/4	1/4	Chord	4/4	2	1	1/2	1/2	1	92
11	11	43	43	1.0	3/4	3/4	Chord	4/4	2	1	1/4	1/4	1	93
11	11	40	40	1.0	0	0	Chord	4/4	3	1	1/4	1/4	1	94
11	11	41	41	2.0	1/4	1/4	Chord	4/4	3	1	1/2	1/2	1	95
11	11	43	43	1.0	3/4	3/4	Chord	4/4	3	1	1/4	1/4	1	96
11	11	40	40	1.0	0	0	Chord	4/4	4	1	1/4	1/4	1	97
11	11	41	41	2.0	1/4	1/4	Chord	4/4	4	1	1/2	1/2	1	98
11	11	43	43	1.0	3/4	3/4	Chord	4/4	4	1	1/4	1/4	1	99
12	12	44	44	1.0	0	0	Chord	4/4	1	1	1/4	1/4	1	100
12	12	45	45	1.0	1/4	1/4	Chord	4/4	1	1	1/4	1/4	1	101
12	12	46	46	2.0	1/2	1/2	Chord	4/4	1	1	1/2	1/2	1	102
12	12	44	44	1.0	0	0	Chord	4/4	2	1	1/4	1/4	1	103
12	12	45	45	1.0	1/4	1/4	Chord	4/4	2	1	1/4	1/4	1	104
12	12	46	46	2.0	1/2	1/2	Chord	4/4	2	1	1/2	1/2	1	105
12	12	44	44	1.0	0	0	Chord	4/4	3	1	1/4	1/4	1	106
12	12	45	45	1.0	1/4	1/4	Chord	4/4	3	1	1/4	1/4	1	107
12	12	46	46	2.0	1/2	1/2	Chord	4/4	3	1	1/2	1/2	1	108
12	12	44	44	1.0	0	0	Chord	4/4	4	1	1/4	1/4	1	109
12	12	45	45	1.0	1/4	1/4	Chord	4/4	4	1	1/4	1/4	1	110
12	12	46	46	2.0	1/2	1/2	Chord	4/4	4	1	1/2	1/2	1	111
13	13	50	50	2.0	1/2	1/2	Chord	4/4	1	1	1/2	1/2	1	112
13	13	50	50	2.0	1/2	1/2	Chord	4/4	2	1	1/2	1/2	1	113
13	13	50	50	2.0	1/2	1/2	Chord	4/4	3	1	1/2	1/2	1	114
13	13	50	50	2.0	1/2	1/2	Chord	4/4	4	1	1/2	1/2	1	115
14	14	52	52	2.0	0	0	Chord	4/4	1	1	1/2	1/2	1	116
14	14	54	54	1.0	1/2	1/2	Chord	4/4	1	1	1/4	1/4	1	117
14	14	55	55	1.0	3/4	3/4	Chord	4/4	1	1	1/4	1/4	1	118
14	14	52	52	2.0	0	0	Chord	4/4	2	1	1/2	1/2	1	119
14	14	54	54	1.0	1/2	1/2	Chord	4/4	2	1	1/4	1/4	1	120
14	14	55	55	1.0	3/4	3/4	Chord	4/4	2	1	1/4	1/4	1	121
14	14	52	52	2.0	0	0	Chord	4/4	3	1	1/2	1/2	1	122
14	14	54	54	1.0	1/2	1/2	Chord	4/4	3	1	1/4	1/4	1	123
14	14	55	55	1.0	3/4	3/4	Chord	4/4	3	1	1/4	1/4	1	124
14	14	52	52	2.0	0	0	Chord	4/4	4	1	1/2	1/2	1	125
14	14	54	54	1.0	1/2	1/2	Chord	4/4	4	1	1/4	1/4	1	126
14	14	55	55	1.0	3/4	3/4	Chord	4/4	4	1	1/4	1/4	1	127
15	15	56	56	1.0	0	0	Chord	4/4	1	1	1/4	1/4	1	128
15	15	57	57	1.0	1/4	1/4	Chord	4/4	1	1	1/4	1/4	1	129
15	15	58	58	2.0	1/2	1/2	Chord	4/4	1	1	1/2	1/2	1	130
15	15	56	56	1.0	0	0	Chord	4/4	2	1	1/4	1/4	1	131
15	15	57	57	1.0	1/4	1/4	Chord	4/4	2	1	1/4	1/4	1	132
15	15	58	58	2.0	1/2	1/2	Chord	4/4	2	1	1/2	1/2	1	133
15	15	56	56	1.0	0	0	Chord	4/4	3	1	1/4	1/4	1	134
15	15	57	57	2.0	1/4	1/4	Chord	4/4	3	1	1/2	1/2	1	135
15	15	59	59	1.0	3/4	3/4	Chord	4/4	3	1	1/4	1/4	1	136
15	15	56	56	1.0	0	0	Chord	4/4	4	1	1/4	1/4	1	137
15	15	57	57	1.0	1/4	1/4	Chord	4/4	4	1	1/4	1/4	1	138
15	15	58	58	2.0	1/2	1/2	Chord	4/4	4	1	1/2	1/2	1	139
16	16	60	60	2.0	0	0	Chord	4/4	1	1	1/2	1/2	1	140
16	16	60	60	2.0	0	0	Chord	4/4	2	1	1/2	1/2	1	141
16	16	60	60	2.0	0	0	Chord	4/4	3	1	1/2	1/2	1	142
16	16	60	60	2.0	0	0	Chord	4/4	4	1	1/2	1/2	1	143
17	17	64	64	2.0	0	0	Chord	4/4	1	1	1/2	1/2	1	144
17	17	66	66	2.0	1/2	1/2	Chord	4/4	1	1	1/2	1/2	1	145
17	17	64	64	2.0	0	0	Chord	4/4	2	1	1/2	1/2	1	146
17	17	66	66	2.0	1/2	1/2	Chord	4/4	2	1	1/2	1/2	1	147
17	17	64	64	2.0	0	0	Chord	4/4	3	1	1/2	1/2	1	148
17	17	66	66	2.0	1/2	1/2	Chord	4/4	3	1	1/2	1/2	1	149
17	17	64	64	2.0	0	0	Chord	4/4	4	1	1/2	1/2	1	150
17	17	66	66	2.0	1/2	1/2	Chord	4/4	4	1	1/2	1/2	1	151
18	18	68	68	1.0	0	0	Chord	4/4	1	1	1/4	1/4	1	152
18	18	69	69	1.0	1/4	1/4	Chord	4/4	1	1	1/4	1/4	1	153
18	18	70	70	1.0	1/2	1/2	Chord	4/4	1	1	1/4	1/4	1	154
18	18	71	71	1.0	3/4	3/4	Chord	4/4	1	1	1/4	1/4	1	155
18	18	68	68	1.0	0	0	Chord	4/4	2	1	1/4	1/4	1	156
18	18	69	69	1.0	1/4	1/4	Chord	4/4	2	1	1/4	1/4	1	157
18	18	70	70	1.0	1/2	1/2	Chord	4/4	2	1	1/4	1/4	1	158
18	18	71	71	1.0	3/4	3/4	Chord	4/4	2	1	1/4	1/4	1	159
18	18	68	68	1.0	0	0	Chord	4/4	3	1	1/4	1/4	1	160
18	18	69	69	1.0	1/4	1/4	Chord	4/4	3	1	1/4	1/4	1	161
18	18	70	70	1.0	1/2	1/2	Chord	4/4	3	1	1/4	1/4	1	162
18	18	71	71	1.0	3/4	3/4	Chord	4/4	3	1	1/4	1/4	1	163
18	18	68	68	1.0	0	0	Chord	4/4	4	1	1/4	1/4	1	164
18	18	69	69	1.0	1/4	1/4	Chord	4/4	4	1	1/4	1/4	1	165
18	18	70	70	1.0	1/2	1/2	Chord	4/4	4	1	1/4	1/4	1	166
18	18	71	71	1.0	3/4	3/4	Chord	4/4	4	1	1/4	1/4	1	167
19	19	72	72	2.0	0	0	Chord	4/4	1	1	1/2	1/2	1	168
19	19	74	74	2.0	1/2	1/2	Chord	4/4	1	1	1/2	1/2	1	169
19	19	72	72	2.0	0	0	Chord	4/4	2	1	1/2	1/2	1	170
19	19	74	74	2.0	1/2	1/2	Chord	4/4	2	1	1/2	1/2	1	171
19	19	72	72	1.0	0	0	Chord	4/4	3	1	1/4	1/4	1	172
19	19	73	73	1.0	1/4	1/4	Chord	4/4	3	1	1/4	1/4	1	173
19	19	74	74	2.0	1/2	1/2	Chord	4/4	3	1	1/2	1/2	1	174
19	19	72	72	2.0	0	0	Chord	4/4	4	1	1/2	1/2	1	175
19	19	74	74	2.0	1/2	1/2	Chord	4/4	4	1	1/2	1/2	1	176
20	20	78	78	2.0	1/2	1/2	Chord	4/4	1	1	1/2	1/2	1	177
20	20	78	78	2.0	1/2	1/2	Chord	4/4	2	1	1/2	1/2	1	178
20	20	78	78	2.0	1/2	1/2	Chord	4/4	3	1	1/2	1/2	1	179
20	20	78	78	2.0	1/2	1/2	Chord	4/4	4	1	1/2	1/2	1	180
21	21	80	80	2.0	0	0	Chord	4/4	1	1	1/2	1/2	1	181
21	21	82	82	1.0	1/2	1/2	Chord	4/4	1	1	1/4	1/4	1	182
21	21	83	83	1.0	3/4	3/4	Chord	4/4	1	1	1/4	1/4	1	183
21	21	80	80	2.0	0	0	Chord	4/4	2	1	1/2	1/2	1	184
21	21	82	82	1.0	1/2	1/2	Chord	4/4	2	1	1/4	1/4	1	185
21	21	83	83	1.0	3/4	3/4	Chord	4/4	2	1	1/4	1/4	1	186
21	21	80	80	2.0	0	0	Chord	4/4	3	1	1/2	1/2	1	187
21	21	82	82	1.0	1/2	1/2	Chord	4/4	3	1	1/4	1/4	1	188
21	21	83	83	1.0	3/4	3/4	Chord	4/4	3	1	1/4	1/4	1	189
21	21	80	80	2.0	0	0	Chord	4/4	4	1	1/2	1/2	1	190
21	21	82	82	1.0	1/2	1/2	Chord	4/4	4	1	1/4	1/4	1	191
21	21	83	83	1.0	3/4	3/4	Chord	4/4	4	1	1/4	1/4	1	192
22	22	84	84	1.0	0	0	Chord	4/4	1	1	1/4	1/4	1	193
22	22	85	85	1.0	1/4	1/4	Chord	4/4	1	1	1/4	1/4	1	194
22	22	86	86	2.0	1/2	1/2	Chord	4/4	1	1	1/2	1/2	1	195
22	22	84	84	1.0	0	0	Chord	4/4	2	1	1/4	1/4	1	196
22	22	85	85	1.0	1/4	1/4	Chord	4/4	2	1	1/4	1/4	1	197
22	22	86	86	2.0	1/2	1/2	Chord	4/4	2	1	1/2	1/2	1	198
22	22	84	84	1.0	0	0	Chord	4/4	3	1	1/4	1/4	1	199
22	22	85	85	1.0	1/4	1/4	Chord	4/4	3	1	1/4	1/4	1	200
22	22	86	86	2.0	1/2	1/2	Chord	4/4	3	1	1/2	1/2	1	201
22	22	84	84	1.0	0	0	Chord	4/4	4	1	1/4	1/4	1	202
22	22	85	85	1.0	1/4	1/4	Chord	4/4	4	1	1/4	1/4	1	203
22	22	86	86	2.0	1/2	1/2	Chord	4/4	4	1	1/2	1/2	1	204
23	23	88	88	2.0	0	0	Chord	4/4	1	1	1/2	1/2	1	205
23	23	88	88	2.0	0	0	Chord	4/4	2	1	1/2	1/2	1	206
23	23	88	88	2.0	0	0	Chord	4/4	3	1	1/2	1/2	1	207
23	23	88	88	2.0	0	0	Chord	4/4	4	1	1/2	1/2	1	208
24	24	92	92	2.0	0	0	Chord	4/4	1	1	1/2	1/2	1	209
24	24	94	94	1.0	1/2	1/2	Chord	4/4	1	1	1/4	1/4	1	210
24	24	95	95	1.0	3/4	3/4	Chord	4/4	1	1	1/4	1/4	1	211
24	24	92	92	2.0	0	0	Chord	4/4	2	1	1/2	1/2	1	212
24	24	94	94	1.0	1/2	1/2	Chord	4/4	2	1	1/4	1/4	1	213
24	24	95	95	1.0	3/4	3/4	Chord	4/4	2	1	1/4	1/4	1	214
24	24	92	92	2.0	0	0	Chord	4/4	3	1	1/2	1/2	1	215
24	24	94	94	1.0	1/2	1/2	Chord	4/4	3	1	1/4	1/4	1	216
24	24	95	95	1.0	3/4	3/4	Chord	4/4	3	1	1/4	1/4	1	217
24	24	92	92	2.0	0	0	Chord	4/4	4	1	1/2	1/2	1	218
24	24	94	94	1.0	1/2	1/2	Chord	4/4	4	1	1/4	1/4	1	219
24	24	95	95	1.0	3/4	3/4	Chord	4/4	4	1	1/4	1/4	1	220
25	25	96	96	1.0	0	0	Chord	4/4	1	1	1/4	1/4	1	221
25	25	97	97	1.0	1/4	1/4	Chord	4/4	1	1	1/4	1/4	1	222
25	25	98	98	1.0	1/2	1/2	Chord	4/4	1	1	1/4	1/4	1	223
25	25	99	99	1.0	3/4	3/4	Chord	4/4	1	1	1/4	1/4	1	224
25	25	96	96	1.0	0	0	Chord	4/4	2	1	1/4	1/4	1	225
25	25	97	97	1.0	1/4	1/4	Chord	4/4	2	1	1/4	1/4	1	226
25	25	98	98	1.0	1/2	1/2	Chord	4/4	2	1	1/4	1/4	1	227
25	25	99	99	1.0	3/4	3/4	Chord	4/4	2	1	1/4	1/4	1	228
25	25	96	96	1.0	0	0	Chord	4/4	3	1	1/4	1/4	1	229
25	25	97	97	1.0	1/4	1/4	Chord	4/4	3	1	1/4	1/4	1	230
25	25	98	98	1.0	1/2	1/2	Chord	4/4	3	1	1/4	1/4	1	231
25	25	99	99	1.0	3/4	3/4	Chord	4/4	3	1	1/4	1/4	1	232
25	25	96	96	1.0	0	0	Chord	4/4	4	1	1/4	1/4	1	233
25	25	97	97	1.0	1/4	1/4	Chord	4/4	4	1	1/4	1/4	1	234
25	25	98	98	1.0	1/2	1/2	Chord	4/4	4	1	1/4	1/4	1	235
25	25	99	99	1.0	3/4	3/4	Chord	4/4	4	1	1/4	1/4	1	236
26	26	100	100	2.0	0	0	Chord	4/4	1	1	1/2	1/2	1	237
26	26	102	102	2.0	1/2	1/2	Chord	4/4	1	1	1/2	1/2	1	238
26	26	100	100	1.0	0	0	Chord	4/4	2	1	1/4	1/4	1	239
26	26	101	101	1.0	1/4	1/4	Chord	4/4	2	1	1/4	1/4	1	240
26	26	102	102	2.0	1/2	1/2	Chord	4/4	2	1	1/2	1/2	1	241
26	26	100	100	2.0	0	0	Chord	4/4	3	1	1/2	1/2	1	242
26	26	102	102	2.0	1/2	1/2	Chord	4/4	3	1	1/2	1/2	1	243
26	26	100	100	2.0	0	0	Chord	4/4	4	1	1/2	1/2	1	244
26	26	102	102	2.0	1/2	1/2	Chord	4/4	4	1	1/2	1/2	1	245
27	27	104	104	2.0	0	0	Chord	4/4	1	1	1/2	1/2	1	246
27	27	104	104	2.0	0	0	Chord	4/4	2	1	1/2	1/2	1	247
27	27	104	104	2.0	0	0	Chord	4/4	3	1	1/2	1/2	1	248
27	27	104	104	2.0	0	0	Chord	4/4	4	1	1/2	1/2	1	249
